{
    "name": "root",
    "metadata": {
        "timer_format_version": "0.1.0",
        "start_time_seconds": "1631095625",
        "python_version": "3.9.7 (tags/v3.9.7:1016ef3, Aug 30 2021, 20:19:38) [MSC v.1929 64 bit (AMD64)]",
        "command_line_arguments": "C:\\Users\\Sulaiman's PC\\AppData\\Local\\Programs\\Python\\Python39\\Scripts\\mlagents-learn --run-id=run4",
        "mlagents_version": "0.27.0",
        "mlagents_envs_version": "0.27.0",
        "communication_protocol_version": "1.5.0",
        "pytorch_version": "1.8.2+cpu",
        "numpy_version": "1.21.2",
        "end_time_seconds": "1631095641"
    },
    "total": 15.5567969,
    "count": 1,
    "self": 0.010864599999999669,
    "children": {
        "run_training.setup": {
            "total": 0.04261780000000015,
            "count": 1,
            "self": 0.04261780000000015
        },
        "TrainerController.start_learning": {
            "total": 15.5033145,
            "count": 1,
            "self": 0.0004565999999961434,
            "children": {
                "TrainerController._reset_env": {
                    "total": 10.1979285,
                    "count": 1,
                    "self": 10.1979285
                },
                "TrainerController.advance": {
                    "total": 5.136213400000001,
                    "count": 1,
                    "self": 1.2899999999760325e-05,
                    "children": {
                        "env_step": {
                            "total": 5.136200500000001,
                            "count": 1,
                            "self": 5.136194100000001,
                            "children": {
                                "SubprocessEnvManager._take_step": {
                                    "total": 6.400000000184036e-06,
                                    "count": 1,
                                    "self": 6.400000000184036e-06
                                }
                            }
                        }
                    }
                },
                "trainer_threads": {
                    "total": 1.1000000021965661e-06,
                    "count": 1,
                    "self": 1.1000000021965661e-06
                },
                "TrainerController._save_models": {
                    "total": 0.16871490000000122,
                    "count": 1,
                    "self": 0.011774400000000185,
                    "children": {
                        "RLTrainer._checkpoint": {
                            "total": 0.15694050000000104,
                            "count": 1,
                            "self": 0.15694050000000104
                        }
                    }
                }
            }
        }
    }
}