{
    "name": "root",
    "metadata": {
        "timer_format_version": "0.1.0",
        "start_time_seconds": "1634046772",
        "python_version": "3.9.7 (tags/v3.9.7:1016ef3, Aug 30 2021, 20:19:38) [MSC v.1929 64 bit (AMD64)]",
        "command_line_arguments": "C:\\Users\\delta-2\\AppData\\Local\\Programs\\Python\\Python39\\Scripts\\mlagents-learn --force config.yaml --run-id=run2",
        "mlagents_version": "0.27.0",
        "mlagents_envs_version": "0.27.0",
        "communication_protocol_version": "1.5.0",
        "pytorch_version": "1.9.1+cu111",
        "numpy_version": "1.21.2",
        "end_time_seconds": "1634046783"
    },
    "total": 11.6353961,
    "count": 1,
    "self": 0.006850899999998106,
    "children": {
        "run_training.setup": {
            "total": 0.15218299999999996,
            "count": 1,
            "self": 0.15218299999999996
        },
        "TrainerController.start_learning": {
            "total": 11.4763622,
            "count": 1,
            "self": 0.0007123000000017754,
            "children": {
                "TrainerController._reset_env": {
                    "total": 9.289761200000001,
                    "count": 1,
                    "self": 9.289761200000001
                },
                "TrainerController.advance": {
                    "total": 1.8907777999999986,
                    "count": 23,
                    "self": 0.0003537000000086721,
                    "children": {
                        "env_step": {
                            "total": 1.8789987000000004,
                            "count": 23,
                            "self": 0.448166500000001,
                            "children": {
                                "SubprocessEnvManager._take_step": {
                                    "total": 1.4306090000000005,
                                    "count": 23,
                                    "self": 0.0011374999999969049,
                                    "children": {
                                        "TorchPolicy.evaluate": {
                                            "total": 1.4294715000000036,
                                            "count": 23,
                                            "self": 0.024294800000006944,
                                            "children": {
                                                "TorchPolicy.sample_actions": {
                                                    "total": 1.4051766999999966,
                                                    "count": 23,
                                                    "self": 1.4051766999999966
                                                }
                                            }
                                        }
                                    }
                                },
                                "workers": {
                                    "total": 0.00022319999999886875,
                                    "count": 22,
                                    "self": 0.0,
                                    "children": {
                                        "worker_root": {
                                            "total": 9.5512442,
                                            "count": 22,
                                            "is_parallel": true,
                                            "self": 9.46547469999999,
                                            "children": {
                                                "steps_from_proto": {
                                                    "total": 0.00028759999999983243,
                                                    "count": 1,
                                                    "is_parallel": true,
                                                    "self": 0.00010229999999999961,
                                                    "children": {
                                                        "_process_rank_one_or_two_observation": {
                                                            "total": 0.00018529999999983282,
                                                            "count": 2,
                                                            "is_parallel": true,
                                                            "self": 0.00018529999999983282
                                                        }
                                                    }
                                                },
                                                "UnityEnvironment.step": {
                                                    "total": 0.08548190000000844,
                                                    "count": 22,
                                                    "is_parallel": true,
                                                    "self": 0.001160100000014097,
                                                    "children": {
                                                        "UnityEnvironment._generate_step_input": {
                                                            "total": 0.00097719999999768,
                                                            "count": 22,
                                                            "is_parallel": true,
                                                            "self": 0.00097719999999768
                                                        },
                                                        "communicator.exchange": {
                                                            "total": 0.07990880000000011,
                                                            "count": 22,
                                                            "is_parallel": true,
                                                            "self": 0.07990880000000011
                                                        },
                                                        "steps_from_proto": {
                                                            "total": 0.003435799999996547,
                                                            "count": 22,
                                                            "is_parallel": true,
                                                            "self": 0.0019656999999977387,
                                                            "children": {
                                                                "_process_rank_one_or_two_observation": {
                                                                    "total": 0.0014700999999988085,
                                                                    "count": 44,
                                                                    "is_parallel": true,
                                                                    "self": 0.0014700999999988085
                                                                }
                                                            }
                                                        }
                                                    }
                                                }
                                            }
                                        }
                                    }
                                }
                            }
                        },
                        "trainer_advance": {
                            "total": 0.011425399999989594,
                            "count": 22,
                            "self": 0.0002864999999854234,
                            "children": {
                                "process_trajectory": {
                                    "total": 0.01113890000000417,
                                    "count": 22,