{"count":1,"self":77.3535808,"total":137.3924609,"children":{"InitializeActuators":{"count":1,"self":0.0029916,"total":0.0029916,"children":null},"InitializeSensors":{"count":1,"self":0.0049822999999999994,"total":0.0049822999999999994,"children":null},"AgentSendState":{"count":57367,"self":1.2528215,"total":2.9191420999999997,"children":{"CollectObservations":{"count":11474,"self":0.16011899999999998,"total":0.16011899999999998,"children":null},"WriteActionMask":{"count":11474,"self":0.09439489999999999,"total":0.09439489999999999,"children":null},"RequestDecision":{"count":11474,"self":0.34199009999999996,"total":1.4118066999999999,"children":{"AgentInfo.ToProto":{"count":11474,"self":0.32310269999999996,"total":1.0698166,"children":{"GenerateSensorData":{"count":11474,"self":0.74671389999999993,"total":0.74671389999999993,"children":null}}}}}}},"DecideAction":{"count":57367,"self":56.044447999999996,"total":56.0444499,"children":null},"AgentAct":{"count":57367,"self":0.93979209999999991,"total":0.93979209999999991,"children":{"AgentInfo.ToProto":{"count":9,"self":0,"total":0,"children":{"GenerateSensorData":{"count":9,"self":0,"total":0,"children":null}}}}},"AgentInfo.ToProto":{"count":1311,"self":0.037153399999999996,"total":0.12650409999999998,"children":{"GenerateSensorData":{"count":1311,"self":0.089350699999999991,"total":0.089350699999999991,"children":null}}}},"gauges":{"My Behavior.CumulativeReward":{"count":1320,"max":3,"min":0,"runningAverage":0.01439395,"value":0,"weightedAverage":1.88348313E-05}},"metadata":{"timer_format_version":"0.1.0","start_time_seconds":"1632918091","unity_version":"2020.3.11f1","command_line_arguments":"C:\\Program Files\\Unity\\Editor\\Unity.exe -projectpath C:\/Users\/Sulaiman's PC\/PingPongPlayingRobotSimulation -useHub -hubIPC -cloudEnvironment production -hubSessionId 681dcc70-2101-11ec-86aa-79ba60c3ce17","communication_protocol_version":"1.5.0","com.unity.ml-agents_version":"2.1.0-exp.1","scene_name":"testSim","end_time_seconds":"1632918228"}}