{
    "name": "root",
    "metadata": {
        "timer_format_version": "0.1.0",
        "start_time_seconds": "1631101769",
        "python_version": "3.9.7 (tags/v3.9.7:1016ef3, Aug 30 2021, 20:19:38) [MSC v.1929 64 bit (AMD64)]",
        "command_line_arguments": "C:\\Users\\Sulaiman's PC\\AppData\\Local\\Programs\\Python\\Python39\\Scripts\\mlagents-learn --run-id=run9",
        "mlagents_version": "0.27.0",
        "mlagents_envs_version": "0.27.0",
        "communication_protocol_version": "1.5.0",
        "pytorch_version": "1.8.2+cpu",
        "numpy_version": "1.21.2",
        "end_time_seconds": "1631101797"
    },
    "total": 28.6176392,
    "count": 1,
    "self": 0.00882909999999626,
    "children": {
        "run_training.setup": {
            "total": 0.05972009999999983,
            "count": 1,
            "self": 0.05972009999999983
        },
        "TrainerController.start_learning": {
            "total": 28.549090000000003,
            "count": 1,
            "self": 0.0008574000000045601,
            "children": {
                "TrainerController._reset_env": {
                    "total": 10.4697573,
                    "count": 1,
                    "self": 10.4697573
                },
                "TrainerController.advance": {
                    "total": 17.7579197,
                    "count": 1,
                    "self": 1.990000000162695e-05,
                    "children": {
                        "env_step": {
                            "total": 17.757899799999997,
                            "count": 1,
                            "self": 17.7578908,
                            "children": {
                                "SubprocessEnvManager._take_step": {
                                    "total": 8.999999998593466e-06,
                                    "count": 1,
                                    "self": 8.999999998593466e-06
                                }
                            }
                        }
                    }
                },
                "trainer_threads": {
                    "total": 1.4000000021496817e-06,
                    "count": 1,
                    "self": 1.4000000021496817e-06
                },
                "TrainerController._save_models": {
                    "total": 0.32055419999999657,
                    "count": 1,
                    "self": 0.012918599999999003,
                    "children": {
                        "RLTrainer._checkpoint": {
                            "total": 0.30763559999999757,
                            "count": 1,
                            "self": 0.30763559999999757
                        }
                    }
                }
            }
        }
    }
}