{
    "name": "root",
    "metadata": {
        "timer_format_version": "0.1.0",
        "start_time_seconds": "1631173464",
        "python_version": "3.9.7 (tags/v3.9.7:1016ef3, Aug 30 2021, 20:19:38) [MSC v.1929 64 bit (AMD64)]",
        "command_line_arguments": "C:\\Users\\Sulaiman's PC\\AppData\\Local\\Programs\\Python\\Python39\\Scripts\\mlagents-learn --run-id=run10",
        "mlagents_version": "0.27.0",
        "mlagents_envs_version": "0.27.0",
        "communication_protocol_version": "1.5.0",
        "pytorch_version": "1.8.2+cpu",
        "numpy_version": "1.21.2",
        "end_time_seconds": "1631173539"
    },
    "total": 74.242884,
    "count": 1,
    "self": 0.008416300000007482,
    "children": {
        "run_training.setup": {
            "total": 0.13480429999999988,
            "count": 1,
            "self": 0.13480429999999988
        },
        "TrainerController.start_learning": {
            "total": 74.0996634,
            "count": 1,
            "self": 0.00016039999998440635,
            "children": {
                "TrainerController._reset_env": {
                    "total": 13.8379679,
                    "count": 1,
                    "self": 13.8379679
                },
                "TrainerController.advance": {
                    "total": 60.0070088,
                    "count": 1,
                    "self": 1.7799999994849713e-05,
                    "children": {
                        "env_step": {
                            "total": 60.006991000000006,
                            "count": 1,
                            "self": 60.00698510000001,
                            "children": {
                                "SubprocessEnvManager._take_step": {
                                    "total": 5.899999997893701e-06,
                                    "count": 1,
                                    "self": 5.899999997893701e-06
                                }
                            }
                        }
                    }
                },
                "TrainerController._save_models": {
                    "total": 0.2545263000000091,
                    "count": 1,
                    "self": 0.015101600000008375,
                    "children": {
                        "RLTrainer._checkpoint": {
                            "total": 0.2394247000000007,
                            "count": 1,
                            "self": 0.2394247000000007
                        }
                    }
                }
            }
        }
    }
}