{
    "name": "root",
    "metadata": {
        "timer_format_version": "0.1.0",
        "start_time_seconds": "1631095795",
        "python_version": "3.9.7 (tags/v3.9.7:1016ef3, Aug 30 2021, 20:19:38) [MSC v.1929 64 bit (AMD64)]",
        "command_line_arguments": "C:\\Users\\Sulaiman's PC\\AppData\\Local\\Programs\\Python\\Python39\\Scripts\\mlagents-learn --run-id=run5",
        "mlagents_version": "0.27.0",
        "mlagents_envs_version": "0.27.0",
        "communication_protocol_version": "1.5.0",
        "pytorch_version": "1.8.2+cpu",
        "numpy_version": "1.21.2",
        "end_time_seconds": "1631095818"
    },
    "total": 23.4032303,
    "count": 1,
    "self": 0.009523499999996687,
    "children": {
        "run_training.setup": {
            "total": 0.029976299999999956,
            "count": 1,
            "self": 0.029976299999999956
        },
        "TrainerController.start_learning": {
            "total": 23.363730500000003,
            "count": 1,
            "self": 0.00047520000000389473,
            "children": {
                "TrainerController._reset_env": {
                    "total": 9.5145381,
                    "count": 1,
                    "self": 9.5145381
                },
                "TrainerController.advance": {
                    "total": 13.691004300000001,
                    "count": 1,
                    "self": 1.5700000000506975e-05,
                    "children": {
                        "env_step": {
                            "total": 13.6909886,
                            "count": 1,
                            "self": 13.6909797,
                            "children": {
                                "SubprocessEnvManager._take_step": {
                                    "total": 8.90000000097757e-06,
                                    "count": 1,
                                    "self": 8.90000000097757e-06
                                }
                            }
                        }
                    }
                },
                "trainer_threads": {
                    "total": 1.0999999986438525e-06,
                    "count": 1,
                    "self": 1.0999999986438525e-06
                },
                "TrainerController._save_models": {
                    "total": 0.1577118000000013,
                    "count": 1,
                    "self": 0.01616339999999994,
                    "children": {
                        "RLTrainer._checkpoint": {
                            "total": 0.14154840000000135,
                            "count": 1,
                            "self": 0.14154840000000135
                        }
                    }
                }
            }
        }
    }
}