{
    "name": "root",
    "metadata": {
        "timer_format_version": "0.1.0",
        "start_time_seconds": "1631291069",
        "python_version": "3.9.7 (tags/v3.9.7:1016ef3, Aug 30 2021, 20:19:38) [MSC v.1929 64 bit (AMD64)]",
        "command_line_arguments": "C:\\Users\\Sulaiman's PC\\AppData\\Local\\Programs\\Python\\Python39\\Scripts\\mlagents-learn --force --run-id=run1",
        "mlagents_version": "0.27.0",
        "mlagents_envs_version": "0.27.0",
        "communication_protocol_version": "1.5.0",
        "pytorch_version": "1.8.2+cpu",
        "numpy_version": "1.21.2",
        "end_time_seconds": "1631291216"
    },
    "total": 147.8389261,
    "count": 1,
    "self": 0.007084700000035582,
    "children": {
        "run_training.setup": {
            "total": 0.03596139999999992,
            "count": 1,
            "self": 0.03596139999999992
        },
        "TrainerController.start_learning": {
            "total": 147.79587999999998,
            "count": 1,
            "self": 0.2465070000012588,
            "children": {
                "TrainerController._reset_env": {
                    "total": 12.5688523,
                    "count": 1,
                    "self": 12.5688523
                },
                "TrainerController.advance": {
                    "total": 134.77889039999872,
                    "count": 9743,
                    "self": 0.22381529999836403,
                    "children": {
                        "env_step": {
                            "total": 132.95022180000078,
                            "count": 9743,
                            "self": 124.95841310000057,
                            "children": {
                                "SubprocessEnvManager._take_step": {
                                    "total": 7.840194600000586,
                                    "count": 9743,
                                    "self": 0.6430538000004056,
                                    "children": {
                                        "TorchPolicy.evaluate": {
                                            "total": 7.197140800000181,
                                            "count": 9291,
                                            "self": 1.576592599999982,
                                            "children": {
                                                "TorchPolicy.sample_actions": {
                                                    "total": 5.620548200000199,
                                                    "count": 9291,
                                                    "self": 5.620548200000199
                                                }
                                            }
                                        }
                                    }
                                },
                                "workers": {
                                    "total": 0.15161409999961606,
                                    "count": 9742,
                                    "self": 0.0,
                                    "children": {
                                        "worker_root": {
                                            "total": 134.71080370000175,
                                            "count": 9742,
                                            "is_parallel": true,
                                            "self": 20.245168500002265,
                                            "children": {
                                                "steps_from_proto": {
                                                    "total": 0.005388500000000462,
                                                    "count": 1,
                                                    "is_parallel": true,
                                                    "self": 0.0003589999999995541,
                                                    "children": {
                                                        "_process_rank_one_or_two_observation": {
                                                            "total": 0.005029500000000908,
                                                            "count": 2,
                                                            "is_parallel": true,
                                                            "self": 0.005029500000000908
                                                        }
                                                    }
                                                },
                                                "UnityEnvironment.step": {
                                                    "total": 114.46024669999949,
                                                    "count": 9742,
                                                    "is_parallel": true,
                                                    "self": 0.9090066000000689,
                                                    "children": {
                                                        "UnityEnvironment._generate_step_input": {
                                                            "total": 0.6877020999996688,
                                                            "count": 9742,
                                                            "is_parallel": true,
                                                            "self": 0.6877020999996688
                                                        },
                                                        "communicator.exchange": {
                                                            "total": 110.24993909999921,
                                                            "count": 9742,
                                                            "is_parallel": true,
                                                            "self": 110.24993909999921
                                                        },
                                                        "steps_from_proto": {
                                                            "total": 2.613598900000536,
                                                            "count": 9742,
                                                            "is_parallel": true,
                                                            "self": 1.3682314000007736,
                                                            "children": {
                                                                "_process_rank_one_or_two_observation": {
                                                                    "total": 1.2453674999997624,
                                                                    "count": 19484,
                                                                    "is_parallel": true,
                                                                    "self": 1.2453674999997624
                                                                }
                                                            }
                                                        }
                                                    }
                                                }
                                            }
                                        }
                                    }
                                }
                            }
                        },
                        "trainer_advance": {
                            "total": 1.6048532999995864,
                            "count": 9742,
                            "self": 0.2777689000006234,
                            "children": {
                                "process_trajectory": {
                                    "total": 1.327084399998963,
                                    "count": 9742,
                                    "self": 1.327084399998963
                                }
                            }
                        }
                    }
                },