{
    "name": "root",
    "metadata": {
        "timer_format_version": "0.1.0",
        "start_time_seconds": "1631542661",
        "python_version": "3.9.7 (tags/v3.9.7:1016ef3, Aug 30 2021, 20:19:38) [MSC v.1929 64 bit (AMD64)]",
        "command_line_arguments": "C:\\Users\\Sulaiman's PC\\AppData\\Local\\Programs\\Python\\Python39\\Scripts\\mlagents-learn --force --run-id=run1",
        "mlagents_version": "0.27.0",
        "mlagents_envs_version": "0.27.0",
        "communication_protocol_version": "1.5.0",
        "pytorch_version": "1.8.2+cpu",
        "numpy_version": "1.21.2",
        "end_time_seconds": "1631542680"
    },
    "total": 19.438978600000002,
    "count": 1,
    "self": 0.00881260000000239,
    "children": {
        "run_training.setup": {
            "total": 0.034802700000000186,
            "count": 1,
            "self": 0.034802700000000186
        },
        "TrainerController.start_learning": {
            "total": 19.3953633,
            "count": 1,
            "self": 0.023792200000041674,
            "children": {
                "TrainerController._reset_env": {
                    "total": 9.2619078,
                    "count": 1,
                    "self": 9.2619078
                },
                "TrainerController.advance": {
                    "total": 9.932985999999962,
                    "count": 832,
                    "self": 0.020041700000048124,
                    "children": {
                        "env_step": {
                            "total": 9.82218609999997,
                            "count": 832,
                            "self": 9.037017699999996,
                            "children": {
                                "SubprocessEnvManager._take_step": {
                                    "total": 0.7718689999999881,
                                    "count": 832,
                                    "self": 0.06428010000001905,
                                    "children": {
                                        "TorchPolicy.evaluate": {
                                            "total": 0.7075888999999691,
                                            "count": 827,
                                            "self": 0.15397019999996253,
                                            "children": {
                                                "TorchPolicy.sample_actions": {
                                                    "total": 0.5536187000000066,
                                                    "count": 827,
                                                    "self": 0.5536187000000066
                                                }
                                            }
                                        }
                                    }
                                },
                                "workers": {
                                    "total": 0.013299399999985084,
                                    "count": 831,
                                    "self": 0.0,
                                    "children": {
                                        "worker_root": {
                                            "total": 9.86129700000001,
                                            "count": 831,
                                            "is_parallel": true,
                                            "self": 1.901658300000033,
                                            "children": {
                                                "steps_from_proto": {
                                                    "total": 0.0004705000000004844,
                                                    "count": 1,
                                                    "is_parallel": true,
                                                    "self": 0.0001302000000027448,
                                                    "children": {
                                                        "_process_rank_one_or_two_observation": {
                                                            "total": 0.00034029999999773963,
                                                            "count": 2,
                                                            "is_parallel": true,
                                                            "self": 0.00034029999999773963
                                                        }
                                                    }
                                                },
                                                "UnityEnvironment.step": {
                                                    "total": 7.959168199999976,
                                                    "count": 831,
                                                    "is_parallel": true,
                                                    "self": 0.08826719999997579,
                                                    "children": {
                                                        "UnityEnvironment._generate_step_input": {
                                                            "total": 0.07274069999993138,
                                                            "count": 831,
                                                            "is_parallel": true,
                                                            "self": 0.07274069999993138
                                                        },
                                                        "communicator.exchange": {
                                                            "total": 7.560311000000031,
                                                            "count": 831,
                                                            "is_parallel": true,
                                                            "self": 7.560311000000031
                                                        },
                                                        "steps_from_proto": {
                                                            "total": 0.2378493000000379,
                                                            "count": 831,
                                                            "is_parallel": true,
                                                            "self": 0.12701340000004535,
                                                            "children": {
                                                                "_process_rank_one_or_two_observation": {
                                                                    "total": 0.11083589999999255,
                                                                    "count": 1662,
                                                                    "is_parallel": true,
                                                                    "self": 0.11083589999999255
                                                                }
                                                            }
                                                        }
                                                    }
                                                }
                                            }
                                        }
                                    }
                                }
                            }
                        },
                        "trainer_advance": {
                            "total": 0.09075819999994472,
                            "count": 831,
                            "self": 0.023212999999890016,
                            "children": {
                                "process_trajectory": {
                                    "total": 0.0675452000000547,
                                    "count": 831,
                                    "self": 0.0675452000000547
                                }
                            }
                        }
                    }
                },