{
    "name": "root",
    "metadata": {
        "timer_format_version": "0.1.0",
        "start_time_seconds": "1632211781",
        "python_version": "3.9.7 (tags/v3.9.7:1016ef3, Aug 30 2021, 20:19:38) [MSC v.1929 64 bit (AMD64)]",
        "command_line_arguments": "C:\\Users\\Sulaiman's PC\\AppData\\Local\\Programs\\Python\\Python39\\Scripts\\mlagents-learn --force --run-id=run1",
        "mlagents_version": "0.27.0",
        "mlagents_envs_version": "0.27.0",
        "communication_protocol_version": "1.5.0",
        "pytorch_version": "1.8.2+cpu",
        "numpy_version": "1.21.2",
        "end_time_seconds": "1632211810"
    },
    "total": 28.8182742,
    "count": 1,
    "self": 0.01067289999999943,
    "children": {
        "run_training.setup": {
            "total": 0.0724130999999999,
            "count": 1,
            "self": 0.0724130999999999
        },
        "TrainerController.start_learning": {
            "total": 28.735188200000003,
            "count": 1,
            "self": 0.03741550000001581,
            "children": {
                "TrainerController._reset_env": {
                    "total": 11.7594696,
                    "count": 1,
                    "self": 11.7594696
                },
                "TrainerController.advance": {
                    "total": 16.69268639999999,
                    "count": 632,
                    "self": 0.04216000000009856,
                    "children": {
                        "env_step": {
                            "total": 16.09621779999998,
                            "count": 632,
                            "self": 13.97542219999995,
                            "children": {
                                "SubprocessEnvManager._take_step": {
                                    "total": 2.0999111999999958,
                                    "count": 632,
                                    "self": 0.18905390000008282,
                                    "children": {
                                        "TorchPolicy.evaluate": {
                                            "total": 1.910857299999913,
                                            "count": 1188,
                                            "self": 0.4002189999999217,
                                            "children": {
                                                "TorchPolicy.sample_actions": {
                                                    "total": 1.5106382999999912,
                                                    "count": 1188,
                                                    "self": 1.5106382999999912
                                                }
                                            }
                                        }
                                    }
                                },
                                "workers": {
                                    "total": 0.020884400000033665,
                                    "count": 631,
                                    "self": 0.0,
                                    "children": {
                                        "worker_root": {
                                            "total": 16.66176109999999,
                                            "count": 631,
                                            "is_parallel": true,
                                            "self": 4.583718200000025,
                                            "children": {
                                                "steps_from_proto": {
                                                    "total": 0.001160800000000961,
                                                    "count": 2,
                                                    "is_parallel": true,
                                                    "self": 0.0007210999999980316,
                                                    "children": {
                                                        "_process_rank_one_or_two_observation": {
                                                            "total": 0.0004397000000029294,
                                                            "count": 4,
                                                            "is_parallel": true,
                                                            "self": 0.0004397000000029294
                                                        }
                                                    }
                                                },
                                                "UnityEnvironment.step": {
                                                    "total": 12.076882099999963,
                                                    "count": 631,
                                                    "is_parallel": true,
                                                    "self": 0.17089570000003995,
                                                    "children": {
                                                        "UnityEnvironment._generate_step_input": {
                                                            "total": 0.14580409999994792,
                                                            "count": 631,
                                                            "is_parallel": true,
                                                            "self": 0.14580409999994792
                                                        },
                                                        "communicator.exchange": {
                                                            "total": 11.151351599999984,
                                                            "count": 631,
                                                            "is_parallel": true,
                                                            "self": 11.151351599999984
                                                        },
                                                        "steps_from_proto": {
                                                            "total": 0.6088306999999915,
                                                            "count": 1262,
                                                            "is_parallel": true,
                                                            "self": 0.364912999999941,
                                                            "children": {
                                                                "_process_rank_one_or_two_observation": {
                                                                    "total": 0.24391770000005053,
                                                                    "count": 2524,
                                                                    "is_parallel": true,
                                                                    "self": 0.24391770000005053
                                                                }
                                                            }
                                                        }
                                                    }
                                                }
                                            }
                                        }
                                    }
                                }
                            }
                        },
                        "trainer_advance": {
                            "total": 0.55430859999991,
                            "count": 1262,
                            "self": 0.0555751999999341,
                            "children": {
                                "process_trajectory": {
                                    "total": 0.4987333999999759,
                                    "count": 1262,
                                    "self": 0.4987333999999759
                                }
                            }
                        }
                    }
                },