{
    "name": "root",
    "gauges": {
        "MyBehavior.Policy.Entropy.mean": {
            "value": 1.3129380941390991,
            "min": 1.3129380941390991,
            "max": 1.4189856052398682,
            "count": 1000
        },
        "MyBehavior.Policy.Entropy.sum": {
            "value": 65644.28125,
            "min": 65587.625,
            "max": 71003.1953125,
            "count": 1000
        },
        "MyBehavior.Environment.EpisodeLength.mean": {
            "value": 34.86657101865136,
            "min": 32.076259946949605,
            "max": 48.392118226600985,
            "count": 1000
        },
        "MyBehavior.Environment.EpisodeLength.sum": {
            "value": 48604.0,
            "min": 48132.0,
            "max": 49234.0,
            "count": 1000
        },
        "MyBehavior.Step.mean": {
            "value": 49999985.0,
            "min": 49952.0,
            "max": 49999985.0,
            "count": 1000
        },
        "MyBehavior.Step.sum": {
            "value": 49999985.0,
            "min": 49952.0,
            "max": 49999985.0,
            "count": 1000
        },
        "MyBehavior.Policy.ExtrinsicValueEstimate.mean": {
            "value": 0.8050438165664673,
            "min": 0.11130401492118835,
            "max": 0.8264557123184204,
            "count": 1000
        },
        "MyBehavior.Policy.ExtrinsicValueEstimate.sum": {
            "value": 1412.8519287109375,
            "min": 183.78567504882812,
            "max": 1488.0914306640625,
            "count": 1000
        },
        "MyBehavior.Environment.CumulativeReward.mean": {
            "value": 1.1190817790530847,
            "min": 0.008583690987124463,
            "max": 1.6404886561954626,
            "count": 1000
        },
        "MyBehavior.Environment.CumulativeReward.sum": {
            "value": 1560.0,
            "min": 10.0,
            "max": 2240.0,
            "count": 1000
        },
        "MyBehavior.Policy.ExtrinsicReward.mean": {
            "value": 1.1190817790530847,
            "min": 0.008583690987124463,
            "max": 1.6404886561954626,
            "count": 1000
        },
        "MyBehavior.Policy.ExtrinsicReward.sum": {
            "value": 1560.0,
            "min": 10.0,
            "max": 2240.0,
            "count": 1000
        },
        "MyBehavior.IsTraining.mean": {
            "value": 1.0,
            "min": 1.0,
            "max": 1.0,
            "count": 1000
        },
        "MyBehavior.IsTraining.sum": {
            "value": 1.0,
            "min": 1.0,
            "max": 1.0,
            "count": 1000
        },
        "MyBehavior.Losses.PolicyLoss.mean": {
            "value": 0.07092465245323344,
            "min": 0.06762615743629256,
            "max": 0.07460036053016901,
            "count": 99
        },
        "MyBehavior.Losses.PolicyLoss.sum": {
            "value": 0.07092465245323344,
            "min": 0.06762615743629256,
            "max": 0.07460036053016901,
            "count": 99
        },
        "MyBehavior.Losses.ValueLoss.mean": {
            "value": 3.957601561875326,
            "min": 0.1624886684902281,
            "max": 4.203822896024395,
            "count": 99
        },
        "MyBehavior.Losses.ValueLoss.sum": {
            "value": 3.957601561875326,
            "min": 0.1624886684902281,
            "max": 4.203822896024395,
            "count": 99
        },
        "MyBehavior.Policy.LearningRate.mean": {
            "value": 9.957840520599989e-08,
            "min": 9.957840520599989e-08,
            "max": 9.899992800082004e-06,
            "count": 99
        },
        "MyBehavior.Policy.LearningRate.sum": {
            "value": 9.957840520599989e-08,
            "min": 9.957840520599989e-08,
            "max": 9.899992800082004e-06,
            "count": 99
        },
        "MyBehavior.Policy.Epsilon.mean": {
            "value": 0.100994794,
            "min": 0.100994794,
            "max": 0.19899991800000003,
            "count": 99
        },
        "MyBehavior.Policy.Epsilon.sum": {
            "value": 0.100994794,
            "min": 0.100994794,
            "max": 0.19899991800000003,
            "count": 99
        },
        "MyBehavior.Policy.Beta.mean": {
            "value": 1.984846059999999e-05,
            "min": 1.984846059999999e-05,
            "max": 0.0009900991882000002,
            "count": 99
        },
        "MyBehavior.Policy.Beta.sum": {
            "value": 1.984846059999999e-05,
            "min": 1.984846059999999e-05,
            "max": 0.0009900991882000002,
            "count": 99
        }
    },
    "metadata": {
        "timer_format_version": "0.1.0",
        "start_time_seconds": "1633780690",
        "python_version": "3.9.7 (tags/v3.9.7:1016ef3, Aug 30 2021, 20:19:38) [MSC v.1929 64 bit (AMD64)]",
        "command_line_arguments": "C:\\Users\\delta-2\\AppData\\Local\\Programs\\Python\\Python39\\Scripts\\mlagents-learn --force config.yaml --run-id=run1",
        "mlagents_version": "0.27.0",
        "mlagents_envs_version": "0.27.0",
        "communication_protocol_version": "1.5.0",
        "pytorch_version": "1.9.1+cu111",
        "numpy_version": "1.21.2",
        "end_time_seconds": "1633972501"
    },
    "total": 191803.2988705,
    "count": 1,
    "self": 0.018039500020677224,
    "children": {
        "run_training.setup": {
            "total": 0.13812079999999938,
            "count": 1,
            "self": 0.13812079999999938
        },
        "TrainerController.start_learning": {
            "total": 191803.1427102,
            "count": 1,
            "self": 631.782252484496,
            "children": {
                "TrainerController._reset_env": {
                    "total": 24.1612627,
                    "count": 1,
                    "self": 24.1612627
                },
                "TrainerController.advance": {
                    "total": 191147.03659891547,
                    "count": 50000014,
                    "self": 633.9859639528731,
                    "children": {
                        "env_step": {
                            "total": 169486.59233277765,
                            "count": 50000014,
                            "self": 110491.3537324694,
                            "children": {
                                "SubprocessEnvManager._take_step": {
                                    "total": 58591.92630833148,
                                    "count": 50000014,
                                    "self": 1891.8756483749676,
                                    "children": {
                                        "TorchPolicy.evaluate": {
                                            "total": 56700.05065995651,
                                            "count": 50000014,
                                            "self": 30339.301622286886,
                                            "children": {
                                                "TorchPolicy.sample_actions": {
                                                    "total": 26360.749037669626,
                                                    "count": 50000014,
                                                    "self": 26360.749037669626
                                                }
                                            }
                                        }
                                    }
                                },
                                "workers": {
                                    "total": 403.31229197677646,
                                    "count": 50000014,
                                    "self": 0.0,
                                    "children": {
                                        "worker_root": {
                                            "total": 190993.35986086607,
                                            "count": 50000014,
                                            "is_parallel": true,