{
    "name": "root",
    "metadata": {
        "timer_format_version": "0.1.0",
        "start_time_seconds": "1632918072",
        "python_version": "3.9.7 (tags/v3.9.7:1016ef3, Aug 30 2021, 20:19:38) [MSC v.1929 64 bit (AMD64)]",
        "command_line_arguments": "C:\\Users\\Sulaiman's PC\\AppData\\Local\\Programs\\Python\\Python39\\Scripts\\mlagents-learn config.yaml --force --run-id=run1",
        "mlagents_version": "0.27.0",
        "mlagents_envs_version": "0.27.0",
        "communication_protocol_version": "1.5.0",
        "pytorch_version": "1.8.2+cpu",
        "numpy_version": "1.21.2",
        "end_time_seconds": "1632918228"
    },
    "total": 155.87824600000002,
    "count": 1,
    "self": 0.006861200000031431,
    "children": {
        "run_training.setup": {
            "total": 0.26172680000000037,
            "count": 1,
            "self": 0.26172680000000037
        },
        "TrainerController.start_learning": {
            "total": 155.609658,
            "count": 1,
            "self": 0.33469200000180876,
            "children": {
                "TrainerController._reset_env": {
                    "total": 18.8920313,
                    "count": 1,
                    "self": 18.8920313
                },
                "TrainerController.advance": {
                    "total": 136.15731089999818,
                    "count": 12529,
                    "self": 0.2995353999984047,
                    "children": {
                        "env_step": {
                            "total": 132.57145269999995,
                            "count": 12529,
                            "self": 121.0215744999993,
                            "children": {
                                "SubprocessEnvManager._take_step": {
                                    "total": 11.350334099999849,
                                    "count": 12529,
                                    "self": 0.8288460999995451,
                                    "children": {
                                        "TorchPolicy.evaluate": {
                                            "total": 10.521488000000303,
                                            "count": 11472,
                                            "self": 2.0340340000006556,
                                            "children": {
                                                "TorchPolicy.sample_actions": {
                                                    "total": 8.487453999999648,
                                                    "count": 11472,
                                                    "self": 8.487453999999648
                                                }
                                            }
                                        }
                                    }
                                },
                                "workers": {
                                    "total": 0.19954410000080003,
                                    "count": 12528,
                                    "self": 0.0,
                                    "children": {
                                        "worker_root": {
                                            "total": 136.06670860000062,
                                            "count": 12528,
                                            "is_parallel": true,
                                            "self": 29.0653339000001,
                                            "children": {
                                                "steps_from_proto": {
                                                    "total": 0.0004311999999977445,
                                                    "count": 1,
                                                    "is_parallel": true,
                                                    "self": 0.00024969999999413517,
                                                    "children": {
                                                        "_process_rank_one_or_two_observation": {
                                                            "total": 0.00018150000000360933,
                                                            "count": 2,
                                                            "is_parallel": true,
                                                            "self": 0.00018150000000360933
                                                        }
                                                    }
                                                },
                                                "UnityEnvironment.step": {
                                                    "total": 107.00094350000053,
                                                    "count": 12528,
                                                    "is_parallel": true,
                                                    "self": 1.2433066000000252,
                                                    "children": {
                                                        "UnityEnvironment._generate_step_input": {
                                                            "total": 0.8976432000008536,
                                                            "count": 12528,
                                                            "is_parallel": true,
                                                            "self": 0.8976432000008536
                                                        },
                                                        "communicator.exchange": {
                                                            "total": 101.39641349999982,
                                                            "count": 12528,
                                                            "is_parallel": true,
                                                            "self": 101.39641349999982
                                                        },
                                                        "steps_from_proto": {
                                                            "total": 3.463580199999825,
                                                            "count": 12528,
                                                            "is_parallel": true,
                                                            "self": 1.8033646999993564,
                                                            "children": {
                                                                "_process_rank_one_or_two_observation": {
                                                                    "total": 1.6602155000004686,
                                                                    "count": 25056,
                                                                    "is_parallel": true,
                                                                    "self": 1.6602155000004686
                                                                }
                                                            }
                                                        }
                                                    }
                                                }
                                            }
                                        }
                                    }
                                }
                            }
                        },
                        "trainer_advance": {
                            "total": 3.286322799999809,
                            "count": 12528,
                            "self": 0.35030270000053676,
                            "children": {
                                "process_trajectory": {
                                    "total": 2.936020099999272,
                                    "count": 12528,