{
    "name": "root",
    "metadata": {
        "timer_format_version": "0.1.0",
        "start_time_seconds": "1633203662",
        "python_version": "3.9.7 (tags/v3.9.7:1016ef3, Aug 30 2021, 20:19:38) [MSC v.1929 64 bit (AMD64)]",
        "command_line_arguments": "C:\\Users\\Sulaiman's PC\\AppData\\Local\\Programs\\Python\\Python39\\Scripts\\mlagents-learn --force --run-id=run1",
        "mlagents_version": "0.27.0",
        "mlagents_envs_version": "0.27.0",
        "communication_protocol_version": "1.5.0",
        "pytorch_version": "1.8.2+cpu",
        "numpy_version": "1.21.2",
        "end_time_seconds": "1633203729"
    },
    "total": 67.2562097,
    "count": 1,
    "self": 0.009098399999999174,
    "children": {
        "run_training.setup": {
            "total": 0.1606223,
            "count": 1,
            "self": 0.1606223
        },
        "TrainerController.start_learning": {
            "total": 67.086489,
            "count": 1,
            "self": 0.11715539999974567,
            "children": {
                "TrainerController._reset_env": {
                    "total": 12.9215217,
                    "count": 1,
                    "self": 12.9215217
                },
                "TrainerController.advance": {
                    "total": 53.81792640000026,
                    "count": 4016,
                    "self": 0.10343439999972759,
                    "children": {
                        "env_step": {
                            "total": 52.72079970000043,
                            "count": 4016,
                            "self": 48.87151190000077,
                            "children": {
                                "SubprocessEnvManager._take_step": {
                                    "total": 3.77965499999981,
                                    "count": 4016,
                                    "self": 0.326945299999732,
                                    "children": {
                                        "TorchPolicy.evaluate": {
                                            "total": 3.452709700000078,
                                            "count": 3709,
                                            "self": 0.7680782999998215,
                                            "children": {
                                                "TorchPolicy.sample_actions": {
                                                    "total": 2.6846314000002565,
                                                    "count": 3709,
                                                    "self": 2.6846314000002565
                                                }
                                            }
                                        }
                                    }
                                },
                                "workers": {
                                    "total": 0.06963279999984451,
                                    "count": 4015,
                                    "self": 0.0,
                                    "children": {
                                        "worker_root": {
                                            "total": 53.79903489999983,
                                            "count": 4015,
                                            "is_parallel": true,
                                            "self": 10.034787200000032,
                                            "children": {
                                                "steps_from_proto": {
                                                    "total": 0.0033050000000010016,
                                                    "count": 1,
                                                    "is_parallel": true,
                                                    "self": 0.00026330000000207576,
                                                    "children": {
                                                        "_process_rank_one_or_two_observation": {
                                                            "total": 0.003041699999998926,
                                                            "count": 2,
                                                            "is_parallel": true,
                                                            "self": 0.003041699999998926
                                                        }
                                                    }
                                                },
                                                "UnityEnvironment.step": {
                                                    "total": 43.7609426999998,
                                                    "count": 4015,
                                                    "is_parallel": true,
                                                    "self": 0.48237640000018445,
                                                    "children": {
                                                        "UnityEnvironment._generate_step_input": {
                                                            "total": 0.40607809999981015,
                                                            "count": 4015,
                                                            "is_parallel": true,
                                                            "self": 0.40607809999981015
                                                        },
                                                        "communicator.exchange": {
                                                            "total": 41.59364589999989,
                                                            "count": 4015,
                                                            "is_parallel": true,
                                                            "self": 41.59364589999989
                                                        },
                                                        "steps_from_proto": {
                                                            "total": 1.2788422999999138,
                                                            "count": 4015,
                                                            "is_parallel": true,
                                                            "self": 0.6783972000000382,
                                                            "children": {
                                                                "_process_rank_one_or_two_observation": {
                                                                    "total": 0.6004450999998756,
                                                                    "count": 8030,
                                                                    "is_parallel": true,
                                                                    "self": 0.6004450999998756
                                                                }
                                                            }
                                                        }
                                                    }
                                                }
                                            }
                                        }
                                    }
                                }
                            }
                        },
                        "trainer_advance": {
                            "total": 0.9936923000001094,
                            "count": 4015,
                            "self": 0.13376240000002682,
                            "children": {
                                "process_trajectory": {
                                    "total": 0.8599299000000826,
                                    "count": 4015,
                                    "self": 0.8599299000000826
                                }
                            }
                        }
                    }
                },