{
    "name": "root",
    "metadata": {
        "timer_format_version": "0.1.0",
        "start_time_seconds": "1631095993",
        "python_version": "3.9.7 (tags/v3.9.7:1016ef3, Aug 30 2021, 20:19:38) [MSC v.1929 64 bit (AMD64)]",
        "command_line_arguments": "C:\\Users\\Sulaiman's PC\\AppData\\Local\\Programs\\Python\\Python39\\Scripts\\mlagents-learn --run-id=run6",
        "mlagents_version": "0.27.0",
        "mlagents_envs_version": "0.27.0",
        "communication_protocol_version": "1.5.0",
        "pytorch_version": "1.8.2+cpu",
        "numpy_version": "1.21.2",
        "end_time_seconds": "1631096023"
    },
    "total": 29.6352853,
    "count": 1,
    "self": 0.009961099999998169,
    "children": {
        "run_training.setup": {
            "total": 0.032696599999999965,
            "count": 1,
            "self": 0.032696599999999965
        },
        "TrainerController.start_learning": {
            "total": 29.5926276,
            "count": 1,
            "self": 0.0005244999999973743,
            "children": {
                "TrainerController._reset_env": {
                    "total": 11.7572593,
                    "count": 1,
                    "self": 11.7572593
                },
                "TrainerController.advance": {
                    "total": 17.6775099,
                    "count": 1,
                    "self": 1.650000000097407e-05,
                    "children": {
                        "env_step": {
                            "total": 17.6774934,
                            "count": 1,
                            "self": 17.6774859,
                            "children": {
                                "SubprocessEnvManager._take_step": {
                                    "total": 7.499999998827889e-06,
                                    "count": 1,
                                    "self": 7.499999998827889e-06
                                }
                            }
                        }
                    }
                },
                "trainer_threads": {
                    "total": 1.1000000021965661e-06,
                    "count": 1,
                    "self": 1.1000000021965661e-06
                },
                "TrainerController._save_models": {
                    "total": 0.1573328000000025,
                    "count": 1,
                    "self": 0.010124000000001132,
                    "children": {
                        "RLTrainer._checkpoint": {
                            "total": 0.14720880000000136,
                            "count": 1,
                            "self": 0.14720880000000136
                        }
                    }
                }
            }
        }
    }
}